val_loss	loss	learning_rate	batch_size	epochs	kappa
3735.359375	3858.41259765625	0.001	10	5	0.01
3637.93115234375	3718.57568359375	0.001	10	5	0.01
3538.151123046875	3609.043701171875	0.001	10	5	0.01
3493.74560546875	3523.748779296875	0.001	10	5	0.01
3830.679443359375	3459.96240234375	0.001	10	5	0.01
